2025-11-06T08:42:33.365006+1,25.96,
2025-11-06T08:42:36.364205+1,25.94,
2025-11-06T08:43:07.767283+1,25.99,
2025-11-06T08:43:28.296639+1,26.14,
2025-11-06T08:44:23.145778+1,26.4,
2025-11-06T08:44:39.093814+1,26.45,
2025-11-06T08:45:07.041352+1,26.56,
2025-11-06T08:45:49.431811+1,26.72,
2025-11-06T08:45:57.411577+1,26.72,
2025-11-06T08:46:08.322060+1,26.73,
2025-11-06T08:47:30.172633+1,26.93,
2025-11-06T08:48:01.600680+1,27.07,
2025-11-06T08:48:09.517708+1,27.07,
2025-11-06T08:48:20.543889+1,27.1,
2025-11-06T08:48:24.529670+1,27.08,
2025-11-06T08:49:34.377412+1,27.18,
2025-11-06T08:50:23.734183+1,27.23,
2025-11-06T08:50:25.748059+1,27.23,
2025-11-06T08:51:37.487619+1,27.36,
2025-11-06T08:52:08.406463+1,27.42,
2025-11-06T08:52:17.848811+1,27.43,
2025-11-06T08:52:44.858873+1,27.5,
2025-11-06T08:53:59.589842+1,27.54,
2025-11-06T08:54:09.569002+1,27.51,
2025-11-06T08:54:54.542676+1,27.3,
2025-11-06T08:54:57.972709+1,27.28,
2025-11-06T08:54:59.966403+1,27.26,
2025-11-06T08:55:06.492245+1,27.21,
2025-11-06T08:55:18.867632+1,27.18,
2025-11-06T08:55:20.372484+1,27.19,
2025-11-06T08:56:21.606787+1,26.99,
2025-11-06T08:56:28.030806+1,26.97,
2025-11-06T08:57:04.389952+1,26.87,
2025-11-06T08:57:54.410103+1,26.77,
2025-11-06T08:57:55.886875+1,26.76,
2025-11-06T08:58:49.238599+1,26.61,
2025-11-06T08:59:21.691832+1,26.51,
2025-11-06T09:00:20.892717+1,26.43,
2025-11-06T09:00:29.907590+1,26.37,
2025-11-06T09:00:49.369416+1,26.32,
2025-11-06T09:02:33.637861+1,25.43,
2025-11-06T09:03:09.423410+1,25.25,
2025-11-06T09:03:22.974588+1,25.18,
2025-11-06T09:03:31.958159+1,25.17,
2025-11-06T09:03:44.390858+1,25.14,
2025-11-06T09:03:47.425400+1,25.13,
2025-11-06T09:03:56.381408+1,25.09,
2025-11-06T09:05:02.218031+1,24.96,
2025-11-06T09:05:14.848698+1,24.92,
2025-11-06T09:05:58.624534+1,24.94,
2025-11-06T09:06:44.539101+1,24.94,
2025-11-06T09:07:04.409988+1,24.97,
2025-11-06T09:07:27.879929+1,24.93,
2025-11-06T09:07:48.728561+1,24.93,
2025-11-06T09:08:13.594245+1,24.94,
2025-11-06T09:08:16.597715+1,24.94,
2025-11-06T09:08:33.050216+1,24.9,
2025-11-06T09:08:40.547397+1,24.9,
2025-11-06T09:09:26.026926+1,24.91,
2025-11-06T09:10:05.931455+1,24.84,
2025-11-06T09:10:06.930924+1,24.84,
2025-11-06T09:10:24.957593+1,24.83,
2025-11-06T09:11:02.266417+1,24.92,
2025-11-06T09:11:25.577215+1,24.93,
2025-11-06T09:11:31.013233+1,24.92,
2025-11-06T09:11:36.470230+1,24.91,
2025-11-06T09:12:34.811605+1,24.94,
2025-11-06T09:13:04.243002+1,24.98,
2025-11-06T09:13:09.213120+1,24.99,
2025-11-06T09:13:17.201243+1,24.99,
2025-11-06T09:13:56.069325+1,25.02,
2025-11-06T09:14:00.069280+1,25.03,
2025-11-06T09:13:59.572056+1,25.03,
2025-11-06T09:14:07.521457+1,25.06,
2025-11-06T09:14:10.496209+1,25.03,
2025-11-06T09:14:34.433926+1,25.0,
2025-11-06T09:14:49.898947+1,25.02,
2025-11-06T09:14:51.387065+1,25.03,
2025-11-06T09:15:03.882476+1,25.03,
2025-11-06T09:15:09.424505+1,25.03,
2025-11-06T09:15:11.883569+1,25.03,
2025-11-06T09:15:14.881240+1,25.03,
2025-11-06T09:15:19.907842+1,25.01,
2025-11-06T09:15:53.378046+1,25.0,
2025-11-06T09:16:32.662979+1,25.07,
2025-11-06T09:16:40.583349+1,25.09,
2025-11-06T09:16:43.583162+1,25.07,
2025-11-06T09:16:53.529136+1,25.06,
2025-11-06T09:16:58.989761+1,25.06,
2025-11-06T09:17:14.985179+1,25.08,
2025-11-06T09:17:17.954917+1,25.08,
2025-11-06T09:17:19.961490+1,25.08,
2025-11-06T09:17:29.385075+1,25.08,
2025-11-06T09:17:33.369436+1,25.09,
2025-11-06T09:17:37.350029+1,25.09,
2025-11-06T09:17:55.749348+1,25.11,
2025-11-06T09:18:00.238739+1,25.12,
2025-11-06T09:18:06.705635+1,25.12,
2025-11-06T09:18:31.708883+1,25.11,
2025-11-06T09:18:39.683481+1,25.11,
2025-11-06T09:19:09.619570+1,25.12,
2025-11-06T09:19:14.083216+1,25.15,
2025-11-06T09:19:29.500046+1,25.16,
2025-11-06T09:19:33.017823+1,25.16,
2025-11-06T09:19:45.398060+1,25.17,
2025-11-06T09:20:13.255167+1,25.2,
2025-11-06T09:20:16.771958+1,25.23,
2025-11-06T09:20:21.258055+1,25.2,
2025-11-06T09:20:37.185184+1,25.18,
2025-11-06T09:21:00.670465+1,25.24,
2025-11-06T09:21:05.634959+1,25.22,
2025-11-06T09:21:11.601628+1,25.21,
2025-11-06T09:21:14.543325+1,25.21,
2025-11-06T09:21:43.837490+1,25.22,
2025-11-06T09:21:56.807987+1,25.21,
2025-11-06T09:23:00.293233+1,25.2,
2025-11-06T09:23:19.291801+1,25.19,
2025-11-06T09:23:34.701959+1,25.2,
2025-11-06T09:23:53.703630+1,25.23,
2025-11-06T09:23:58.667887+1,25.23,
2025-11-06T09:24:35.044141+1,25.25,
2025-11-06T09:24:36.041912+1,25.25,
2025-11-06T09:24:41.024644+1,25.23,
2025-11-06T09:24:55.025565+1,25.2,
2025-11-06T09:25:08.066530+1,25.17,
2025-11-06T09:25:34.408741+1,25.2,
2025-11-06T09:25:58.356339+1,25.23,
2025-11-06T09:26:13.808924+1,25.21,
2025-11-06T09:26:24.739835+1,25.23,
2025-11-06T09:26:35.719623+1,25.24,
2025-11-06T09:26:43.677955+1,25.27,
2025-11-06T09:27:34.036292+1,25.38,
2025-11-06T09:27:47.014707+1,25.6,
2025-11-06T09:28:02.460586+1,30.42,
2025-11-06T09:28:07.952460+1,30.34,
2025-11-06T09:28:08.451996+1,30.25,
2025-11-06T09:28:13.469452+1,30.08,
2025-11-06T09:28:19.491301+1,29.97,
2025-11-06T09:28:24.449138+1,31.52,
2025-11-06T09:28:32.430484+1,31.32,
2025-11-06T09:28:37.880800+1,31.94,
2025-11-06T09:28:39.891610+1,32.29,
2025-11-06T09:28:47.844095+1,33.08,
2025-11-06T09:28:50.861473+1,33.15,
2025-11-06T09:28:58.316027+1,32.73,
2025-11-06T09:29:14.809597+1,34.44,
2025-11-06T09:29:18.842516+1,34.83,
2025-11-06T09:29:38.208564+1,35.48,
2025-11-06T09:29:46.180853+1,35.59,
2025-11-06T09:29:48.643675+1,35.6,
2025-11-06T09:30:34.464788+1,36.07,
2025-11-06T09:30:42.477363+1,36.13,
2025-11-06T09:30:55.476723+1,36.15,
2025-11-06T09:30:56.474464+1,36.12,
2025-11-06T09:31:13.842393+1,36.33,
2025-11-06T09:31:40.278274+1,36.27,
2025-11-06T09:32:20.207554+1,36.3,
2025-11-06T09:32:31.241488+1,36.31,
2025-11-06T09:33:40.516073+1,36.4,
2025-11-06T09:34:05.401470+1,36.45,
2025-11-06T09:34:10.846887+1,36.45,
2025-11-06T09:34:28.812455+1,36.48,
2025-11-06T09:34:30.812089+1,36.47,
2025-11-06T09:34:38.715670+1,36.47,
2025-11-06T09:34:40.214025+1,36.46,
2025-11-06T09:34:51.200409+1,36.48,
2025-11-06T09:35:20.948330+1,36.56,
2025-11-06T09:35:24.401274+1,36.57,
2025-11-06T09:35:51.764315+1,36.54,
2025-11-06T09:36:02.696348+1,36.51,
2025-11-06T09:36:23.602551+1,36.54,
2025-11-06T09:36:26.144232+1,36.55,
2025-11-06T09:36:50.129219+1,36.52,
2025-11-06T09:37:04.098798+1,36.5,
2025-11-06T09:37:25.968966+1,36.53,
2025-11-06T09:37:30.445589+1,36.54,
2025-11-06T09:37:40.519114+1,36.58,
2025-11-06T09:37:39.017305+1,36.58,
2025-11-06T09:37:41.521943+1,36.59,
2025-11-06T09:38:07.534634+1,36.58,
2025-11-06T09:38:19.472662+1,36.58,
2025-11-06T09:39:29.418623+1,36.68,
2025-11-06T09:39:34.382918+1,36.68,
2025-11-06T09:39:33.383028+1,36.69,
2025-11-06T09:39:42.415703+1,36.68,
2025-11-06T09:39:45.390595+1,36.68,
2025-11-06T09:39:47.899633+1,36.68,
2025-11-06T09:40:04.333025+1,36.65,
2025-11-06T09:40:07.294830+1,36.65,
2025-11-06T09:40:13.229957+1,36.64,
2025-11-06T09:40:15.704686+1,36.65,
2025-11-06T09:40:16.213010+1,36.66,
2025-11-06T09:40:18.702747+1,36.66,
2025-11-06T09:40:33.227366+1,36.66,
2025-11-06T09:40:38.691615+1,36.63,
2025-11-06T09:40:39.698287+1,36.62,
2025-11-06T09:40:55.129749+1,36.64,
2025-11-06T09:40:57.699766+1,36.65,
2025-11-06T09:40:58.628796+1,36.65,
2025-11-06T09:41:05.721648+1,36.66,
2025-11-06T09:41:12.719789+1,36.67,
2025-11-06T09:41:15.199692+1,36.7,
2025-11-06T09:41:17.182927+1,36.69,
2025-11-06T09:41:27.648888+1,36.7,
2025-11-06T09:41:58.557454+1,36.71,
2025-11-06T09:42:11.495212+1,36.7,
2025-11-06T09:42:16.535214+1,36.72,
2025-11-06T09:42:32.935128+1,36.73,
2025-11-06T09:42:47.996220+1,36.73,
2025-11-06T09:42:50.490349+1,36.73,
2025-11-06T09:42:59.956313+1,36.72,
2025-11-06T09:43:03.462959+1,36.74,
2025-11-06T09:43:06.968286+1,36.73,
2025-11-06T09:43:11.955056+1,36.72,
2025-11-06T09:43:19.850844+1,36.74,
2025-11-06T09:43:24.332435+1,36.73,
2025-11-06T09:43:29.355339+1,36.72,
2025-11-06T09:43:31.354540+1,36.72,
2025-11-06T09:43:37.307993+1,36.72,
2025-11-06T09:43:56.249172+1,36.69,
2025-11-06T09:43:57.236862+1,36.69,
2025-11-06T09:44:06.665143+1,36.67,
2025-11-06T09:44:07.668191+1,36.67,
2025-11-06T09:44:15.608972+1,36.64,
2025-11-06T09:44:17.088910+1,36.64,
2025-11-06T09:44:58.438966+1,36.65,
2025-11-06T09:45:02.934817+1,36.65,
2025-11-06T09:45:03.935121+1,36.65,
2025-11-06T09:45:06.455256+1,36.64,
2025-11-06T09:45:15.423511+1,36.66,
2025-11-06T09:45:16.409719+1,36.66,
2025-11-06T09:45:17.891697+1,36.67,
2025-11-06T09:45:35.915601+1,36.65,
2025-11-06T09:45:39.401539+1,36.67,
2025-11-06T09:45:54.319814+1,36.68,
2025-11-06T09:45:55.308285+1,36.68,
2025-11-06T09:45:59.279074+1,36.7,
2025-11-06T09:46:02.274925+1,36.67,
2025-11-06T09:46:07.730258+1,36.68,
2025-11-06T09:46:18.666357+1,36.68,
2025-11-06T09:46:24.646200+1,36.71,
2025-11-06T09:46:27.651173+1,36.69,
2025-11-06T09:46:41.509205+1,36.65,
2025-11-06T09:46:51.011182+1,36.64,
2025-11-06T09:46:51.994030+1,36.64,
2025-11-06T09:46:53.479975+1,36.64,
2025-11-06T09:46:57.447592+1,36.65,
2025-11-06T09:47:02.970339+1,36.68,
2025-11-06T09:47:05.469067+1,36.68,
2025-11-06T09:47:12.002325+1,36.67,
2025-11-06T09:47:19.960431+1,36.67,
2025-11-06T09:47:20.936325+1,36.67,
2025-11-06T09:47:23.386189+1,36.67,
2025-11-06T09:47:26.385316+1,36.67,
2025-11-06T09:47:34.343004+1,36.69,
2025-11-06T09:47:50.165158+1,36.67,
2025-11-06T09:47:59.176781+1,36.66,
2025-11-06T09:48:02.201416+1,36.64,
2025-11-06T09:48:12.143133+1,36.63,
2025-11-06T09:48:15.137859+1,36.63,
2025-11-06T09:48:22.173550+1,36.59,
2025-11-06T09:48:24.700140+1,36.59,
2025-11-06T09:48:25.707133+1,36.59,
2025-11-06T09:48:32.231240+1,36.57,
2025-11-06T09:48:33.736851+1,36.56,
2025-11-06T09:48:36.264402+1,36.56,
2025-11-06T09:48:37.754516+1,36.58,
2025-11-06T09:48:39.754843+1,36.59,
2025-11-06T09:48:50.702431+1,36.62,
2025-11-06T09:48:55.701143+1,36.63,
2025-11-06T09:49:09.642552+1,36.64,
2025-11-06T09:49:12.119569+1,36.66,
2025-11-06T09:49:14.635595+1,36.64,
2025-11-06T09:49:17.607823+1,36.64,
2025-11-06T09:49:31.107676+1,36.63,
2025-11-06T09:49:34.622065+1,36.61,
2025-11-06T09:49:38.617437+1,36.61,
2025-11-06T09:49:48.082903+1,36.62,
2025-11-06T09:49:55.585886+1,36.61,
2025-11-06T09:50:20.546637+1,36.68,
2025-11-06T09:50:39.482624+1,36.69,
2025-11-06T09:50:49.419564+1,36.69,
2025-11-06T09:50:50.460830+1,36.69,
2025-11-06T09:51:04.808725+1,36.69,
2025-11-06T09:51:05.802499+1,36.68,
2025-11-06T09:51:09.290047+1,36.67,
2025-11-06T09:51:13.795602+1,36.68,
2025-11-06T09:51:15.301619+1,36.67,
2025-11-06T09:51:21.243774+1,36.67,
2025-11-06T09:51:22.740030+1,36.67,
2025-11-06T09:52:36.955986+1,36.73,
2025-11-06T09:52:42.464974+1,36.76,
2025-11-06T09:52:42.955314+1,36.76,
2025-11-06T09:52:49.390118+1,36.76,
2025-11-06T09:52:53.399974+1,36.78,
2025-11-06T09:52:56.890658+1,36.79,
2025-11-06T09:53:07.380350+1,36.81,
2025-11-06T09:53:08.355776+1,36.81,
2025-11-06T09:53:11.865995+1,36.83,
2025-11-06T09:53:15.359372+1,36.82,
2025-11-06T09:53:17.424873+1,36.82,
2025-11-06T09:53:18.386794+1,36.83,
2025-11-06T09:53:32.855074+1,36.8,
2025-11-06T09:53:37.319618+1,36.83,
2025-11-06T09:53:39.805321+1,36.85,
2025-11-06T09:53:45.745616+1,36.84,
2025-11-06T09:53:50.752433+1,36.85,
2025-11-06T09:53:54.731922+1,36.86,
2025-11-06T09:54:00.739620+1,36.84,
2025-11-06T09:54:07.663795+1,36.85,
2025-11-06T09:54:12.118429+1,36.84,
2025-11-06T09:54:13.123295+1,36.84,
2025-11-06T09:54:17.660182+1,36.86,
2025-11-06T09:54:25.576312+1,36.85,
2025-11-06T09:54:33.066077+1,36.86,
2025-11-06T09:54:36.573728+1,36.84,
2025-11-06T09:54:41.072972+1,36.83,
2025-11-06T09:54:47.526232+1,36.82,
2025-11-06T09:54:49.016549+1,36.82,
2025-11-06T09:54:58.482831+1,36.83,
2025-11-06T09:54:59.974069+1,36.84,
2025-11-06T09:55:02.493469+1,36.82,
2025-11-06T09:55:08.672167+1,36.85,
2025-11-06T09:55:13.979367+1,36.86,
2025-11-06T09:55:22.931681+1,36.86,
2025-11-06T09:55:23.426720+1,36.86,
2025-11-06T09:55:24.423640+1,36.85,
2025-11-06T09:55:28.886453+1,36.86,
2025-11-06T09:55:37.889590+1,36.89,
2025-11-06T09:55:38.391513+1,36.89,
2025-11-06T09:55:45.375882+1,36.9,
2025-11-06T09:55:50.404832+1,36.92,
2025-11-06T09:55:52.375229+1,36.92,
2025-11-06T09:55:57.865842+1,36.91,
2025-11-06T09:55:58.373643+1,36.9,
2025-11-06T09:56:08.319356+1,36.94,
2025-11-06T09:56:12.334168+1,36.92,
2025-11-06T09:56:19.327234+1,36.94,
2025-11-06T09:56:22.314569+1,36.93,
2025-11-06T09:56:28.768701+1,36.93,
2025-11-06T09:56:29.266379+1,36.92,
2025-11-06T09:56:33.778698+1,36.93,
2025-11-06T09:56:39.809013+1,36.93,
2025-11-06T09:56:42.784022+1,36.92,
2025-11-06T09:57:10.309357+1,36.9,
2025-11-06T09:57:21.327983+1,36.91,
2025-11-06T09:57:22.825256+1,36.92,
2025-11-06T09:57:40.285124+1,36.9,
2025-11-06T09:57:41.815977+1,36.9,
2025-11-06T09:57:43.337918+1,36.89,
2025-11-06T09:57:47.896537+1,36.9,
2025-11-06T09:57:48.410804+1,36.9,
2025-11-06T09:57:51.379327+1,36.88,
2025-11-06T09:57:54.877112+1,36.87,
2025-11-06T09:57:56.391707+1,36.86,
2025-11-06T09:58:10.381453+1,36.85,
2025-11-06T09:58:19.424637+1,36.85,
2025-11-06T09:58:24.887347+1,36.85,
2025-11-06T09:58:27.359536+1,36.85,
2025-11-06T09:58:37.269977+1,36.85,
2025-11-06T09:58:38.747367+1,36.85,
2025-11-06T09:58:41.730088+1,36.84,
2025-11-06T09:58:42.719439+1,36.84,
2025-11-06T09:58:45.215565+1,36.86,
2025-11-06T09:58:46.226379+1,36.86,
2025-11-06T09:58:52.679087+1,36.85,
2025-11-06T09:59:01.659729+1,36.82,
2025-11-06T09:59:03.664201+1,36.82,
2025-11-06T09:59:08.628819+1,36.84,
2025-11-06T09:59:14.143611+1,36.86,
2025-11-06T09:59:15.625452+1,36.86,
2025-11-06T09:59:16.111194+1,36.86,
2025-11-06T09:59:26.567360+1,36.86,
2025-11-06T09:59:32.033558+1,36.87,
2025-11-06T09:59:41.960056+1,36.86,
2025-11-06T09:59:47.944732+1,36.88,
2025-11-06T09:59:59.420814+1,36.86,
2025-11-06T10:00:00.904258+1,36.86,
2025-11-06T10:00:03.409632+1,36.87,
2025-11-06T10:00:06.381486+1,36.86,
2025-11-06T10:00:11.867579+1,36.89,
2025-11-06T10:00:16.791677+1,36.88,
2025-11-06T10:00:24.762382+1,36.9,
2025-11-06T10:00:40.747674+1,36.86,
2025-11-06T10:00:51.712607+1,36.9,
2025-11-06T10:00:55.670456+1,36.92,
2025-11-06T10:01:00.167535+1,36.92,
2025-11-06T10:01:09.584626+1,36.88,
2025-11-06T10:01:19.562244+1,36.89,
2025-11-06T10:01:39.415482+1,36.91,
2025-11-06T10:01:45.929113+1,36.88,
2025-11-06T10:01:50.905905+1,36.86,
2025-11-06T10:01:53.864884+1,36.87,
2025-11-06T10:01:59.821690+1,36.88,
2025-11-06T10:02:12.817223+1,36.89,
2025-11-06T10:02:39.231463+1,36.91,
2025-11-06T10:03:16.459404+1,36.93,
2025-11-06T10:03:24.449504+1,36.91,
2025-11-06T10:03:32.428375+1,36.91,
2025-11-06T10:03:46.362642+1,36.94,
2025-11-06T10:04:03.862205+1,36.94,
2025-11-06T10:04:21.335960+1,36.92,
2025-11-06T10:04:38.198323+1,36.9,
2025-11-06T10:04:43.662200+1,36.87,
2025-11-06T10:05:04.151829+1,36.91,
2025-11-06T10:05:05.165776+1,36.92,
2025-11-06T10:05:13.154395+1,36.95,
2025-11-06T10:05:16.166387+1,36.95,
2025-11-06T10:05:55.454298+1,36.96,
2025-11-06T10:06:14.457169+1,36.95,
2025-11-06T10:06:28.443533+1,36.93,
2025-11-06T10:06:41.361845+1,36.9,
2025-11-06T10:06:48.867080+1,36.89,
2025-11-06T10:06:53.881849+1,36.87,
2025-11-06T10:06:56.887537+1,36.87,
2025-11-06T10:07:01.844758+1,36.86,
2025-11-06T10:07:09.325096+1,36.87,
2025-11-06T10:07:12.852391+1,36.87,
2025-11-06T10:07:15.361951+1,36.88,
2025-11-06T10:07:29.821042+1,36.9,
2025-11-06T10:07:33.338404+1,36.89,
2025-11-06T10:07:52.238670+1,36.93,
2025-11-06T10:07:59.750564+1,36.93,
2025-11-06T10:08:14.705873+1,36.89,
2025-11-06T10:08:18.690195+1,36.91,
2025-11-06T10:08:37.642466+1,36.91,
2025-11-06T10:08:44.688405+1,36.89,
2025-11-06T10:08:45.701206+1,36.89,
2025-11-06T10:09:09.627718+1,36.91,
2025-11-06T10:09:25.067039+1,36.92,
2025-11-06T10:09:46.982802+1,36.91,
2025-11-06T10:10:07.376916+1,36.94,
2025-11-06T10:10:09.866774+1,36.94,
2025-11-06T10:10:14.825265+1,36.93,
2025-11-06T10:10:34.374268+1,36.92,
2025-11-06T10:10:37.385382+1,36.92,
2025-11-06T10:10:39.853028+1,36.93,
2025-11-06T10:10:42.363751+1,36.93,
2025-11-06T10:11:29.838040+1,36.86,
2025-11-06T10:11:42.822452+1,36.85,
2025-11-06T10:11:48.305364+1,36.85,
2025-11-06T10:11:51.786477+1,36.86,
2025-11-06T10:11:53.808447+1,36.87,
2025-11-06T10:12:11.797049+1,36.9,
2025-11-06T10:12:14.310421+1,36.91,
2025-11-06T10:12:23.766364+1,36.94,
2025-11-06T10:12:31.709342+1,36.94,
2025-11-06T10:12:38.643626+1,36.94,
2025-11-06T10:12:50.172864+1,36.92,
2025-11-06T10:12:55.210816+1,36.93,
2025-11-06T10:13:04.716155+1,36.94,
2025-11-06T10:13:12.767804+1,36.92,
2025-11-06T10:13:42.256007+1,36.95,
2025-11-06T10:13:43.770250+1,36.95,
2025-11-06T10:13:50.798586+1,36.94,
2025-11-06T10:13:53.288315+1,36.94,
2025-11-06T10:14:04.798303+1,36.93,
2025-11-06T10:14:06.792525+1,36.93,
2025-11-06T10:14:08.258881+1,36.93,
2025-11-06T10:14:20.182299+1,36.88,
2025-11-06T10:14:41.174390+1,36.83,
2025-11-06T10:14:57.126573+1,36.84,
2025-11-06T10:15:07.616959+1,36.85,
2025-11-06T10:15:16.091316+1,36.87,
2025-11-06T10:15:22.123693+1,36.86,
2025-11-06T10:15:24.130609+1,36.86,
2025-11-06T10:15:36.548062+1,36.85,
2025-11-06T10:15:39.046739+1,36.86,
2025-11-06T10:15:39.530021+1,36.86,
2025-11-06T10:15:42.521763+1,36.84,
2025-11-06T10:15:45.522430+1,36.83,
2025-11-06T10:16:06.440148+1,36.81,
2025-11-06T10:16:39.418559+1,36.81,
2025-11-06T10:16:42.938150+1,36.82,
2025-11-06T10:16:47.909756+1,36.81,
2025-11-06T10:16:50.912512+1,36.82,
2025-11-06T10:16:58.857766+1,36.84,
2025-11-06T10:17:00.865476+1,36.84,
2025-11-06T10:17:04.868709+1,36.84,
2025-11-06T10:17:27.274381+1,36.86,
2025-11-06T10:17:28.278273+1,36.86,
2025-11-06T10:17:33.297083+1,36.88,
2025-11-06T10:17:34.321517+1,36.88,
2025-11-06T10:17:47.288676+1,36.87,
2025-11-06T10:17:54.273989+1,36.86,
2025-11-06T10:18:03.229538+1,36.86,
2025-11-06T10:18:04.247135+1,36.86,
2025-11-06T10:18:09.739493+1,36.86,
2025-11-06T10:18:26.743881+1,36.83,
2025-11-06T10:18:27.259377+1,36.83,
2025-11-06T10:18:47.275332+1,36.81,
2025-11-06T10:18:58.252022+1,36.82,
2025-11-06T10:19:01.740348+1,36.84,
2025-11-06T10:19:11.190345+1,36.85,
2025-11-06T10:19:14.153416+1,36.86,
2025-11-06T10:19:37.490835+1,36.82,
2025-11-06T10:19:52.429682+1,36.75,
2025-11-06T10:20:11.420198+1,36.74,
2025-11-06T10:20:32.895132+1,36.76,
2025-11-06T10:20:33.827029+1,36.76,
2025-11-06T10:20:40.278029+1,36.75,
2025-11-06T10:20:57.757660+1,36.69,
2025-11-06T10:21:03.259979+1,36.69,
2025-11-06T10:21:06.287982+1,36.66,
2025-11-06T10:21:07.307058+1,36.65,
2025-11-06T10:21:09.311949+1,36.65,
2025-11-06T10:21:14.785027+1,36.65,
2025-11-06T10:21:38.162626+1,36.62,
2025-11-06T10:21:44.641338+1,36.66,
2025-11-06T10:21:47.100459+1,36.66,
2025-11-06T10:21:47.605314+1,36.67,
2025-11-06T10:22:16.032559+1,36.71,
2025-11-06T10:22:16.994677+1,36.7,
2025-11-06T10:22:21.963811+1,36.69,
2025-11-06T10:22:26.454875+1,36.7,
2025-11-06T10:22:27.986089+1,36.71,
2025-11-06T10:22:28.490272+1,36.71,
2025-11-06T10:22:33.021854+1,36.69,
2025-11-06T10:22:33.528852+1,36.69,
2025-11-06T10:22:35.026697+1,36.69,
2025-11-06T10:22:38.001913+1,36.66,
2025-11-06T10:22:39.487841+1,36.65,
2025-11-06T10:22:41.475260+1,36.65,
2025-11-06T10:22:44.461587+1,36.65,
2025-11-06T10:22:52.893416+1,36.67,
2025-11-06T10:23:00.373916+1,36.65,
2025-11-06T10:23:02.865364+1,36.65,
2025-11-06T10:23:11.849555+1,36.65,
2025-11-06T10:23:13.834986+1,36.66,
2025-11-06T10:23:20.845721+1,36.64,
2025-11-06T10:23:21.821778+1,36.64,
2025-11-06T10:23:22.323207+1,36.65,
2025-11-06T10:24:04.178874+1,36.64,
2025-11-06T10:24:35.587149+1,36.63,
2025-11-06T10:24:36.072130+1,36.63,
2025-11-06T10:24:41.064376+1,36.64,
2025-11-06T10:25:24.453662+1,36.64,
2025-11-06T10:25:37.425938+1,36.67,
2025-11-06T10:25:41.433712+1,36.69,
2025-11-06T10:25:58.329730+1,36.7,
2025-11-06T10:26:06.736392+1,36.69,
2025-11-06T10:26:19.154586+1,36.67,
2025-11-06T10:26:38.678084+1,36.58,
2025-11-06T10:26:41.153236+1,36.59,
2025-11-06T10:26:50.141821+1,36.59,
2025-11-06T10:27:13.088224+1,36.62,
2025-11-06T10:27:47.132730+1,36.6,
2025-11-06T10:28:19.981431+1,36.58,
2025-11-06T10:28:34.942453+1,36.59,
2025-11-06T10:28:41.466121+1,36.62,
2025-11-06T10:29:14.867458+1,36.77,
2025-11-06T10:29:31.308280+1,36.75,
2025-11-06T10:29:36.858385+1,36.73,
2025-11-06T10:29:48.375136+1,36.71,
2025-11-06T10:30:11.252085+1,36.72,
2025-11-06T10:30:14.255093+1,36.72,
2025-11-06T10:30:16.267925+1,36.74,
2025-11-06T10:30:26.177710+1,36.73,
2025-11-06T10:30:27.173560+1,36.73,
2025-11-06T10:30:33.219139+1,36.73,
2025-11-06T10:30:34.721851+1,36.73,
2025-11-06T10:30:37.682154+1,36.72,
2025-11-06T10:30:38.681852+1,36.72,
2025-11-06T10:30:51.117398+1,36.74,
2025-11-06T10:30:52.146096+1,36.73,
2025-11-06T10:30:58.115431+1,36.71,
2025-11-06T10:31:03.638577+1,36.71,
2025-11-06T10:31:17.553192+1,36.72,
2025-11-06T10:31:18.053872+1,36.73,
2025-11-06T10:31:28.010196+1,36.75,
2025-11-06T10:31:39.004343+1,36.75,
2025-11-06T10:31:48.390304+1,36.79,
2025-11-06T10:31:48.877950+1,36.79,
2025-11-06T10:32:06.226229+1,36.79,
2025-11-06T10:32:16.690435+1,36.78,
2025-11-06T10:32:48.039734+1,36.73,
2025-11-06T10:32:50.502248+1,36.72,
2025-11-06T10:32:55.016660+1,36.73,
2025-11-06T10:33:16.381869+1,36.74,
2025-11-06T10:33:27.856888+1,36.73,
2025-11-06T10:33:35.318437+1,36.75,
2025-11-06T10:33:36.272659+1,36.75,
2025-11-06T10:33:40.750110+1,36.76,
2025-11-06T10:33:51.749527+1,36.78,
2025-11-06T10:34:10.714821+1,36.79,
2025-11-06T10:34:11.709409+1,36.79,
2025-11-06T10:34:21.215693+1,36.8,
2025-11-06T10:34:24.199505+1,36.81,
2025-11-06T10:34:31.730496+1,36.81,
2025-11-06T10:34:32.732442+1,36.81,
2025-11-06T10:34:46.137094+1,36.77,
2025-11-06T10:34:59.576541+1,36.78,
2025-11-06T10:35:01.111661+1,36.79,
2025-11-06T10:35:02.082451+1,36.79,
2025-11-06T10:35:13.538329+1,36.79,
2025-11-06T10:35:16.006461+1,36.8,
2025-11-06T10:35:29.001444+1,36.8,
2025-11-06T10:36:02.351930+1,36.86,
2025-11-06T10:36:11.285322+1,36.86,
2025-11-06T10:36:14.265373+1,36.87,
2025-11-06T10:36:18.249966+1,36.87,
2025-11-06T10:36:20.742763+1,36.84,
2025-11-06T10:36:24.227063+1,36.84,
2025-11-06T10:36:32.197791+1,36.83,
2025-11-06T10:37:04.473433+1,36.84,
2025-11-06T10:37:08.457479+1,36.85,
2025-11-06T10:37:09.948615+1,36.85,
2025-11-06T10:37:17.419332+1,36.91,
2025-11-06T10:37:18.927405+1,36.91,
2025-11-06T10:37:19.389401+1,36.92,
2025-11-06T10:37:23.822018+1,36.91,
2025-11-06T10:37:28.826237+1,36.92,
2025-11-06T10:37:35.381899+1,36.92,
2025-11-06T10:37:45.819392+1,36.93,
2025-11-06T10:38:03.734750+1,36.94,
2025-11-06T10:38:06.717943+1,36.93,
2025-11-06T10:38:07.199541+1,36.94,
2025-11-06T10:38:15.671665+1,36.95,
2025-11-06T10:38:51.632747+1,36.87,
2025-11-06T10:39:08.159751+1,36.85,
2025-11-06T10:39:09.650194+1,36.85,
2025-11-06T10:39:14.600523+1,36.85,
2025-11-06T10:39:25.021475+1,36.91,
2025-11-06T10:39:47.970033+1,36.98,
2025-11-06T10:39:52.473177+1,36.99,
2025-11-06T10:39:53.483927+1,36.99,
2025-11-06T10:40:12.495729+1,36.99,
2025-11-06T10:40:19.485838+1,36.98,
2025-11-06T10:40:22.016325+1,36.97,
2025-11-06T10:40:30.028602+1,36.98,
2025-11-06T10:40:40.014524+1,36.98,
2025-11-06T10:41:12.008689+1,37.01,
2025-11-06T10:41:17.997884+1,37.01,
2025-11-06T10:41:20.970331+1,37.01,
2025-11-06T10:41:41.436924+1,36.99,
2025-11-06T10:41:41.928805+1,36.99,
2025-11-06T10:42:10.202327+1,36.99,
2025-11-06T10:42:30.612003+1,36.98,
2025-11-06T10:42:34.580121+1,37.0,
2025-11-06T10:42:52.064152+1,37.02,
2025-11-06T10:43:30.468780+1,37.03,
2025-11-06T10:44:04.437225+1,37.09,
2025-11-06T10:44:25.494450+1,37.1,
2025-11-06T10:44:30.518536+1,37.09,
2025-11-06T10:44:50.381062+1,37.05,
2025-11-06T10:45:07.305657+1,37.08,
2025-11-06T10:45:13.305769+1,37.09,
2025-11-06T10:45:14.766190+1,37.08,
2025-11-06T10:45:15.261807+1,37.08,
2025-11-06T10:45:16.751651+1,37.08,
2025-11-06T10:45:23.742455+1,37.11,
2025-11-06T10:45:28.702719+1,37.12,
2025-11-06T10:46:05.088568+1,37.14,
2025-11-06T10:46:06.581148+1,37.15,
2025-11-06T10:46:24.558182+1,37.13,
2025-11-06T10:46:27.039086+1,37.16,
2025-11-06T10:46:28.028366+1,37.16,
2025-11-06T10:46:30.030234+1,37.17,
2025-11-06T10:47:29.438541+1,37.14,
2025-11-06T10:47:43.923159+1,37.13,
2025-11-06T10:47:54.397825+1,37.11,
2025-11-06T10:48:04.885846+1,37.1,
2025-11-06T10:48:13.842057+1,37.09,
2025-11-06T10:48:28.759487+1,37.1,
2025-11-06T10:48:30.741944+1,37.1,
2025-11-06T10:48:51.212563+1,37.1,
2025-11-06T10:48:57.673748+1,37.15,
2025-11-06T10:49:03.708157+1,37.17,
2025-11-06T10:49:05.192805+1,37.17,
2025-11-06T10:49:09.201454+1,37.17,
2025-11-06T10:49:14.207233+1,37.18,
2025-11-06T10:49:41.114768+1,37.2,
2025-11-06T10:49:45.635123+1,37.19,
2025-11-06T10:50:02.103677+1,37.18,
2025-11-06T10:50:43.080902+1,37.21,
2025-11-06T10:50:52.552491+1,37.21,
2025-11-06T10:51:04.996082+1,37.2,
2025-11-06T10:51:07.992568+1,37.18,
2025-11-06T10:51:14.449207+1,37.21,
2025-11-06T10:51:20.929053+1,37.2,
2025-11-06T10:51:27.371297+1,37.19,
2025-11-06T10:51:33.865394+1,37.19,
2025-11-06T10:51:45.332230+1,37.22,
2025-11-06T10:52:05.233821+1,37.22,
2025-11-06T10:52:38.066360+1,37.16,
2025-11-06T10:52:54.487472+1,37.15,
2025-11-06T10:52:58.975162+1,37.15,
2025-11-06T10:53:03.910150+1,37.16,
2025-11-06T10:53:29.768324+1,37.18,
2025-11-06T10:53:45.088039+1,37.17,
2025-11-06T10:54:26.068368+1,37.13,
2025-11-06T10:54:27.968833+1,37.11,
2025-11-06T10:54:34.422856+1,37.12,
2025-11-06T10:55:16.307069+1,37.11,
2025-11-06T10:55:26.834419+1,37.12,
2025-11-06T10:55:32.819234+1,37.11,
2025-11-06T10:55:51.163271+1,37.11,
2025-11-06T10:55:54.681731+1,37.11,
2025-11-06T10:55:56.178604+1,37.12,
2025-11-06T10:55:57.234570+1,37.15,
2025-11-06T10:56:02.681570+1,37.17,
2025-11-06T10:56:08.127758+1,37.17,
2025-11-06T10:56:09.648948+1,37.17,
2025-11-06T10:56:13.131197+1,37.18,
2025-11-06T10:56:14.120062+1,37.16,
2025-11-06T10:56:16.594491+1,37.16,
2025-11-06T10:56:17.604780+1,37.16,
2025-11-06T10:56:27.584908+1,37.16,
2025-11-06T10:56:29.605384+1,37.16,
2025-11-06T10:56:33.098141+1,37.16,
2025-11-06T10:56:43.623492+1,37.15,
2025-11-06T10:57:02.055337+1,37.11,
2025-11-06T10:57:08.554098+1,37.13,
2025-11-06T10:57:20.068876+1,37.12,
2025-11-06T10:57:22.585470+1,37.11,
2025-11-06T10:57:25.575465+1,37.14,
2025-11-06T10:57:32.531407+1,37.15,
2025-11-06T10:57:38.018100+1,37.15,
2025-11-06T10:57:44.987660+1,37.17,
2025-11-06T10:57:46.966545+1,37.16,
2025-11-06T10:57:54.442179+1,37.16,
2025-11-06T10:58:07.407434+1,37.16,
2025-11-06T10:58:10.421617+1,37.17,
2025-11-06T10:58:12.431763+1,37.18,
2025-11-06T10:58:17.890773+1,37.12,
2025-11-06T10:58:29.422560+1,37.12,
2025-11-06T10:58:43.846983+1,37.11,
2025-11-06T10:59:32.884481+1,37.15,
2025-11-06T10:59:52.888468+1,37.14,
2025-11-06T10:59:55.908142+1,37.12,
2025-11-06T11:00:03.897823+1,37.12,
2025-11-06T11:00:05.365407+1,37.13,
2025-11-06T11:00:10.293619+1,37.13,
2025-11-06T11:00:19.819718+1,37.13,
2025-11-06T11:00:32.222738+1,37.14,
2025-11-06T11:00:36.257035+1,37.14,
2025-11-06T11:00:53.168822+1,37.09,
2025-11-06T11:00:54.185331+1,37.1,
2025-11-06T11:01:07.132798+1,37.09,
2025-11-06T11:01:07.635595+1,37.1,
2025-11-06T11:01:29.596608+1,37.09,
2025-11-06T11:02:29.470845+1,37.19,
2025-11-06T11:02:43.972053+1,37.2,
2025-11-06T11:02:54.418228+1,37.21,
2025-11-06T11:02:51.938465+1,37.21,
2025-11-06T11:04:02.743630+1,37.16,
2025-11-06T11:04:12.208897+1,37.11,
2025-11-06T11:04:14.204028+1,37.11,
2025-11-06T11:04:42.088260+1,37.11,
2025-11-06T11:05:31.879711+1,37.1,
2025-11-06T11:05:57.763555+1,37.12,
2025-11-06T11:06:00.743363+1,37.12,
2025-11-06T11:06:06.703505+1,37.12,
2025-11-06T11:06:21.134425+1,37.09,
2025-11-06T11:06:32.074256+1,37.05,
2025-11-06T11:07:03.461532+1,37.05,
2025-11-06T11:07:26.430889+1,37.05,
2025-11-06T11:07:34.929235+1,37.02,
2025-11-06T11:07:55.370690+1,36.93,
2025-11-06T11:08:06.894602+1,36.91,
2025-11-06T11:08:19.389167+1,36.91,
2025-11-06T11:08:35.371767+1,36.86,
2025-11-06T11:08:42.323416+1,35.58,
2025-11-06T11:09:06.312741+1,33.84,
2025-11-06T11:09:25.792954+1,33.39,
2025-11-06T11:09:36.256674+1,33.09,
2025-11-06T11:09:40.187706+1,32.95,
2025-11-06T11:09:55.137361+1,32.7,
2025-11-06T11:09:58.576037+1,32.59,
2025-11-06T11:10:00.042748+1,32.51,
2025-11-06T11:10:11.563690+1,32.28,
2025-11-06T11:10:22.964456+1,32.06,
2025-11-06T11:10:52.360755+1,31.86,
2025-11-06T11:11:14.813528+1,31.45,
2025-11-06T11:11:48.662331+1,31.06,
2025-11-06T11:12:08.043973+1,30.9,
2025-11-06T11:12:14.020840+1,30.93,
2025-11-06T11:12:42.458166+1,30.78,
2025-11-06T11:12:55.387718+1,30.7,
2025-11-06T11:13:34.212662+1,30.47,
2025-11-06T11:13:45.716160+1,30.56,
2025-11-06T11:14:00.652672+1,30.39,
2025-11-06T11:14:06.147550+1,30.38,
2025-11-06T11:14:24.560457+1,30.23,
2025-11-06T11:14:54.463833+1,30.2,
2025-11-06T11:15:03.452465+1,30.16,
2025-11-06T11:15:03.958988+1,30.16,
2025-11-06T11:15:42.973843+1,30.04,
2025-11-06T11:15:46.003307+1,30.04,
2025-11-06T11:15:52.083463+1,30.01,
2025-11-06T11:16:23.848003+1,29.9,
2025-11-06T11:16:34.782293+1,29.86,
2025-11-06T11:16:36.783153+1,29.85,
2025-11-06T11:17:06.680719+1,29.7,
2025-11-06T11:17:04.608211+1,29.72,
2025-11-06T11:17:13.518405+1,29.69,
2025-11-06T11:17:17.514036+1,29.69,
2025-11-06T11:17:29.470676+1,29.67,
2025-11-06T11:17:47.401936+1,29.6,
2025-11-06T11:17:53.355244+1,29.59,
2025-11-06T11:17:56.779888+1,29.57,
2025-11-06T11:18:13.259973+1,29.51,
2025-11-06T11:18:33.684481+1,29.51,
2025-11-06T11:18:38.268283+1,29.5,
2025-11-06T11:19:03.592221+1,29.43,
2025-11-06T11:19:34.434419+1,29.38,
2025-11-06T11:19:44.347219+1,29.33,
2025-11-06T11:19:55.372423+1,29.3,
2025-11-06T11:20:27.722373+1,29.2,
2025-11-06T11:20:33.220859+1,29.2,
2025-11-06T11:20:34.705270+1,29.22,
2025-11-06T11:20:40.704052+1,29.19,
2025-11-06T11:20:49.738056+1,29.18,
2025-11-06T11:20:53.230123+1,29.16,
2025-11-06T11:21:03.633733+1,29.15,
2025-11-06T11:21:23.528455+1,29.1,
2025-11-06T11:21:27.043176+1,29.1,
2025-11-06T11:21:30.527522+1,29.11,
2025-11-06T11:21:35.515902+1,29.13,
2025-11-06T11:21:42.480903+1,29.14,
2025-11-06T11:21:50.019047+1,29.11,
2025-11-06T11:22:02.500854+1,29.1,
2025-11-06T11:22:25.281616+1,29.06,
2025-11-06T11:22:34.230795+1,29.01,
2025-11-06T11:22:37.669985+1,29.01,
2025-11-06T11:22:41.655333+1,28.99,
2025-11-06T11:22:52.583637+1,28.92,
2025-11-06T11:23:13.604380+1,28.87,
2025-11-06T11:23:18.601994+1,28.88,
2025-11-06T11:24:03.468659+1,28.74,
2025-11-06T11:24:03.984040+1,28.73,
2025-11-06T11:24:26.554369+1,28.63,
2025-11-06T11:24:33.500207+1,28.56,
2025-11-06T11:24:34.515521+1,28.55,
2025-11-06T11:24:35.506948+1,28.55,
2025-11-06T11:24:42.972709+1,28.55,
2025-11-06T11:24:55.861548+1,28.54,
2025-11-06T11:25:08.403157+1,28.49,
2025-11-06T11:25:10.964074+1,28.48,
2025-11-06T11:25:12.986025+1,28.47,
2025-11-06T11:25:58.462982+1,28.39,
2025-11-06T11:26:13.858652+1,28.37,
2025-11-06T11:26:18.841696+1,28.36,
2025-11-06T11:26:34.235973+1,28.29,
2025-11-06T11:26:43.190072+1,28.27,
2025-11-06T11:26:44.671772+1,28.28,
2025-11-06T11:26:54.687422+1,25.15,
2025-11-06T11:26:56.161138+1,24.94,
2025-11-06T11:27:06.532726+1,24.58,
2025-11-06T11:27:22.469581+1,26.18,
2025-11-06T11:27:36.470136+1,26.06,
2025-11-06T11:27:57.923263+1,26.5,
2025-11-06T11:28:18.375285+1,26.49,
2025-11-06T11:28:30.327196+1,26.46,
2025-11-06T11:28:44.398485+1,26.51,
2025-11-06T11:28:48.331977+1,26.43,
2025-11-06T11:29:01.868103+1,26.36,
2025-11-06T11:29:27.712981+1,26.35,
2025-11-06T11:29:34.785121+1,26.33,
2025-11-06T11:29:43.778472+1,26.35,
2025-11-06T11:29:48.268972+1,26.35,
2025-11-06T11:30:10.702268+1,26.42,
2025-11-06T11:30:49.441260+1,26.37,
2025-11-06T11:31:24.375195+1,26.28,
2025-11-06T11:31:37.892772+1,26.3,
2025-11-06T11:31:44.854535+1,26.32,
2025-11-06T11:31:55.369303+1,26.32,
2025-11-06T11:31:55.838207+1,26.31,
2025-11-06T11:32:08.281561+1,26.32,
2025-11-06T11:32:25.671518+1,26.4,
2025-11-06T11:32:33.155221+1,26.43,
2025-11-06T11:32:35.130743+1,26.44,
2025-11-06T11:33:24.406736+1,26.55,
2025-11-06T11:33:43.422470+1,26.55,
